{"AL": 0.11695242601680905,
 "AR": 0.16573009819041157,
 "AZ": 0.11512763049106259,
 "CO": 0.078847147233022,
 "CT": 0.13845280525072953,
 "DC": 0.18064397213492986,
 "DE": 0.11196873511810329,
 "FL": 0.0864479468905052,
 "GA": 0.04345963778547438,
 "HI": 0.088416280437861,
 "ID": 0.08098484347405924,
 "IL": 0.05360466968723503,
 "IN": 0.08892437947326498,
 "KS": 0.1504711271663237,
 "KY": 0.05256997727805406,
 "LA": 0.2194914612627199,
 "MA": 0.09057250216543314,
 "MD": 0.15602461324987557,
 "ME": 0.127577396822658,
 "MI": 0.14082580992671456,
 "MN": 0.17683204736376312,
 "MO": 0.12828975464820155,
 "MS": 0.22109028394812744,
 "MT": 0.2086135302123672,
 "NC": 0.09777972577456312,
 "ND": 0.16614506657776598,
 "NE": 0.05820737204579499,
 "NH": 0.2414549772349429,
 "NJ": 0.13888218341245623,
 "NM": 0.22261185916011683,
 "NV": 0.0740529366714115,
 "NY": 0.15482496765218517,
 "OH": 0.16050132157636318,
 "OK": 0.15894082216570102,
 "OR": 0.1425864410297358,
 "PA": 0.07396106039577466,
 "RI": 0.18689559965661698,
 "SC": 0.10419701774226277,
 "SD": 0.15321247253628825,
 "TN": 0.190167637044105,
 "TX": 0.2631963960500249,
 "UT": 0.16394013995760684,
 "VA": 0.052944868610395886,
 "VT": 0.20208586284404226,
 "WA": 0.09479804456636734,
 "WI": 0.15224723432204618,
 "WV": 0.1287155882897441,
 "WY": 0.092279659759071}